<?xml version="1.0" encoding="UTF-8"?>
<project-private xmlns="http://www.netbeans.org/ns/project-private/1">
    <editor-bookmarks xmlns="http://www.netbeans.org/ns/editor-bookmarks/2" lastBookmarkId="0"/>
    <open-files xmlns="http://www.netbeans.org/ns/projectui-open-files/2">
        <group>
            <file>file:/C:/Users/Nasir2/Desktop/Solve%20this%20programming/Oop09/src/interface06/Animal.java</file>
            <file>file:/C:/Users/Nasir2/Desktop/Solve%20this%20programming/Oop09/src/interface_Support_Mulitple_Inheritance07/C.java</file>
            <file>file:/C:/Users/Nasir2/Desktop/Solve%20this%20programming/Oop09/src/abstraction05/abstract01/Taher.java</file>
            <file>file:/C:/Users/Nasir2/Desktop/Solve%20this%20programming/Oop09/src/interface06/Test.java</file>
            <file>file:/C:/Users/Nasir2/Desktop/Solve%20this%20programming/Oop09/src/interface_Support_Mulitple_Inheritance07/Test.java</file>
            <file>file:/C:/Users/Nasir2/Desktop/Solve%20this%20programming/Oop09/src/interface06/Cat.java</file>
            <file>file:/C:/Users/Nasir2/Desktop/Solve%20this%20programming/Oop09/src/abstraction05/abstract01/Sajada.java</file>
            <file>file:/C:/Users/Nasir2/Desktop/Solve%20this%20programming/Oop09/src/interface_Support_Mulitple_Inheritance07/B.java</file>
            <file>file:/C:/Users/Nasir2/Desktop/Solve%20this%20programming/Oop09/src/abstraction05/abstract01/MobileUser.java</file>
            <file>file:/C:/Users/Nasir2/Desktop/Solve%20this%20programming/Oop09/src/interface06/Dog.java</file>
            <file>file:/C:/Users/Nasir2/Desktop/Solve%20this%20programming/Oop09/src/interface_Support_Mulitple_Inheritance07/A.java</file>
            <file>file:/C:/Users/Nasir2/Desktop/Solve%20this%20programming/Oop09/src/abstraction05/abstract01/Test.java</file>
        </group>
    </open-files>
</project-private>
