<?xml version="1.0" encoding="UTF-8"?>
<project-private xmlns="http://www.netbeans.org/ns/project-private/1">
    <editor-bookmarks xmlns="http://www.netbeans.org/ns/editor-bookmarks/2" lastBookmarkId="0"/>
    <open-files xmlns="http://www.netbeans.org/ns/projectui-open-files/2">
        <group>
            <file>file:/C:/Users/Nasir2/Desktop/Solve%20this%20programming/LinkedList12/src/list03/StudentList.java</file>
            <file>file:/C:/Users/Nasir2/Desktop/Solve%20this%20programming/LinkedList12/src/List01.java</file>
            <file>file:/C:/Users/Nasir2/Desktop/Solve%20this%20programming/LinkedList12/src/list03/Student.java</file>
            <file>file:/C:/Users/Nasir2/Desktop/Solve%20this%20programming/LinkedList12/src/List02.java</file>
            <file>file:/C:/Users/Nasir2/Desktop/Solve%20this%20programming/LinkedList12/src/HashMap04.java</file>
            <file>file:/C:/Users/Nasir2/Desktop/Solve%20this%20programming/LinkedList12/src/HashSet05.java</file>
        </group>
    </open-files>
</project-private>
