<?xml version="1.0" encoding="UTF-8"?>
<project-private xmlns="http://www.netbeans.org/ns/project-private/1">
    <editor-bookmarks xmlns="http://www.netbeans.org/ns/editor-bookmarks/2" lastBookmarkId="0"/>
    <open-files xmlns="http://www.netbeans.org/ns/projectui-open-files/2">
        <group>
            <file>file:/C:/Users/Nasir2/Desktop/Solve%20this%20programming/ProblemSolve08/src/abstraction04/Ractangle.java</file>
            <file>file:/C:/Users/Nasir2/Desktop/Solve%20this%20programming/ProblemSolve08/src/abstraction04/Triangle.java</file>
            <file>file:/C:/Users/Nasir2/Desktop/Solve%20this%20programming/ProblemSolve08/src/abstraction04/Shape.java</file>
            <file>file:/C:/Users/Nasir2/Desktop/Solve%20this%20programming/ProblemSolve08/src/abstraction04/Test.java</file>
            <file>file:/C:/Users/Nasir2/Desktop/Solve%20this%20programming/ProblemSolve08/src/abstraction04/Circle.java</file>
        </group>
    </open-files>
</project-private>
