<?xml version="1.0" encoding="UTF-8"?>
<project-private xmlns="http://www.netbeans.org/ns/project-private/1">
    <editor-bookmarks xmlns="http://www.netbeans.org/ns/editor-bookmarks/2" lastBookmarkId="0"/>
    <open-files xmlns="http://www.netbeans.org/ns/projectui-open-files/2">
        <group>
            <file>file:/C:/Users/Nasir2/Desktop/Solve%20this%20programming/FileDemo13/src/filedemo13/File02.java</file>
            <file>file:/C:/Users/Nasir2/Desktop/Solve%20this%20programming/FileDemo13/src/filedemo13/FileWrite03.java</file>
            <file>file:/C:/Users/Nasir2/Desktop/Solve%20this%20programming/FileDemo13/src/filedemo13/FileRead04.java</file>
            <file>file:/C:/Users/Nasir2/Desktop/Solve%20this%20programming/FileDemo13/src/filedemo13/File01.java</file>
        </group>
    </open-files>
</project-private>
